{"bleu": 0.22078616780074903, "rouge-l": 0.1759177554885117}